{"count":1,"self":77.4591552,"total":78.234023,"children":{"InitializeActuators":{"count":18,"self":0.0039981999999999995,"total":0.0039981999999999995,"children":null},"InitializeSensors":{"count":18,"self":0.0019993999999999997,"total":0.0019993999999999997,"children":null},"AgentSendState":{"count":3584,"self":0.0560431,"total":0.1620489,"children":{"CollectObservations":{"count":12906,"self":0.07300269999999999,"total":0.07300269999999999,"children":null},"WriteActionMask":{"count":12906,"self":0.0059990999999999994,"total":0.0059990999999999994,"children":null},"RequestDecision":{"count":12906,"self":0.027004,"total":0.027004,"children":null}}},"DecideAction":{"count":3584,"self":0.5788082,"total":0.5788082,"children":null},"AgentAct":{"count":3584,"self":0.028015599999999998,"total":0.028015599999999998,"children":null}},"gauges":{},"metadata":{"timer_format_version":"0.1.0","start_time_seconds":"1673460439","unity_version":"2021.3.10f1","command_line_arguments":"C:\\Program Files\\Unity\\Hub\\Editor\\2021.3.10f1\\Editor\\Unity.exe -projectpath C:\\Users\\markk\\Documents\\Programming3DAssessment\\programming43d\\src\\Midnight Farm -useHub -hubIPC -cloudEnvironment production","communication_protocol_version":"1.5.0","com.unity.ml-agents_version":"2.3.0-exp.3","scene_name":"Midnight Farm Scene","end_time_seconds":"1673460517"}}