{"count":1,"self":46.897487999999996,"total":47.4106155,"children":{"InitializeActuators":{"count":18,"self":0.0030004999999999997,"total":0.0030004999999999997,"children":null},"InitializeSensors":{"count":18,"self":0.0010000999999999999,"total":0.0010000999999999999,"children":null},"AgentSendState":{"count":2049,"self":0.0159821,"total":0.0969795,"children":{"CollectObservations":{"count":7380,"self":0.049991299999999995,"total":0.049991299999999995,"children":null},"WriteActionMask":{"count":7380,"self":0.0080057,"total":0.0080057,"children":null},"RequestDecision":{"count":7380,"self":0.023000399999999997,"total":0.023000399999999997,"children":null}}},"DecideAction":{"count":2049,"self":0.384895,"total":0.384895,"children":null},"AgentAct":{"count":2049,"self":0.026251999999999998,"total":0.026251999999999998,"children":null}},"gauges":{},"metadata":{"timer_format_version":"0.1.0","start_time_seconds":"1673451627","unity_version":"2021.3.10f1","command_line_arguments":"C:\\Program Files\\Unity\\Hub\\Editor\\2021.3.10f1\\Editor\\Unity.exe -projectpath C:\\Users\\markk\\Documents\\Programming3DAssessment\\programming43d\\src\\Midnight Farm -useHub -hubIPC -cloudEnvironment production","communication_protocol_version":"1.5.0","com.unity.ml-agents_version":"2.3.0-exp.3","scene_name":"Midnight Farm Scene","end_time_seconds":"1673451675"}}