{"count":1,"self":3018.4957952,"total":9663.30222,"children":{"InitializeActuators":{"count":42,"self":0.0020007,"total":0.0020007,"children":null},"InitializeSensors":{"count":42,"self":0.0019985,"total":0.0019985,"children":null},"AgentSendState":{"count":1505667,"self":42.4676416,"total":212.4481959,"children":{"CollectObservations":{"count":12647628,"self":63.2780224,"total":63.2780199,"children":null},"WriteActionMask":{"count":12647628,"self":7.7770415999999996,"total":7.7770414999999993,"children":null},"RequestDecision":{"count":12647628,"self":27.5208512,"total":98.9254933,"children":{"AgentInfo.ToProto":{"count":12647628,"self":25.6416848,"total":71.4046421,"children":{"GenerateSensorData":{"count":12647628,"self":45.7629568,"total":45.7629576,"children":null}}}}}}},"DecideAction":{"count":1505667,"self":6394.5326592,"total":6394.5327634999994,"children":null},"AgentAct":{"count":1505667,"self":37.5437888,"total":37.728690799999995,"children":{"AgentInfo.ToProto":{"count":12074,"self":0.090941799999999989,"total":0.1849004,"children":{"GenerateSensorData":{"count":12074,"self":0.093958599999999989,"total":0.093958599999999989,"children":null}}}}},"AgentInfo.ToProto":{"count":4434,"self":0.031987,"total":0.0918481,"children":{"GenerateSensorData":{"count":4434,"self":0.0598611,"total":0.0598611,"children":null}}}},"gauges":{"FlyInAir.CumulativeReward":{"count":16508,"max":33.68147,"min":0,"runningAverage":6.7151804,"value":13.1957827,"weightedAverage":13.9386482}},"metadata":{"timer_format_version":"0.1.0","start_time_seconds":"1673347121","unity_version":"2021.3.10f1","command_line_arguments":"C:\\Program Files\\Unity\\Hub\\Editor\\2021.3.10f1\\Editor\\Unity.exe -projectpath C:\\Users\\markk\\Documents\\Programming3DAssessment\\programming43d\\src\\Midnight Farm -useHub -hubIPC -cloudEnvironment production","communication_protocol_version":"1.5.0","com.unity.ml-agents_version":"2.3.0-exp.3","scene_name":"MLAgentTestScene","end_time_seconds":"1673356784"}}