{"count":1,"self":1582.9075968,"total":5426.0348527,"children":{"InitializeActuators":{"count":42,"self":0.0020312999999999998,"total":0.0020312999999999998,"children":null},"InitializeSensors":{"count":42,"self":0.0019662,"total":0.0019662,"children":null},"AgentSendState":{"count":980251,"self":25.3735376,"total":124.0668565,"children":{"CollectObservations":{"count":8234142,"self":33.85168,"total":33.8516815,"children":null},"WriteActionMask":{"count":8234142,"self":4.9889268,"total":4.9889266999999995,"children":null},"RequestDecision":{"count":8234142,"self":16.7954224,"total":59.852709999999995,"children":{"AgentInfo.ToProto":{"count":8234142,"self":15.7307888,"total":43.0572879,"children":{"GenerateSensorData":{"count":8234142,"self":27.326499199999997,"total":27.326499,"children":null}}}}}}},"DecideAction":{"count":980251,"self":3699.1082496,"total":3699.1082914,"children":null},"AgentAct":{"count":980251,"self":19.8281728,"total":19.9150918,"children":{"AgentInfo.ToProto":{"count":7639,"self":0.030993299999999998,"total":0.086919,"children":{"GenerateSensorData":{"count":7639,"self":0.055925699999999995,"total":0.055925699999999995,"children":null}}}}},"AgentInfo.ToProto":{"count":3251,"self":0.0099399,"total":0.0329942,"children":{"GenerateSensorData":{"count":3251,"self":0.0230543,"total":0.0230543,"children":null}}}},"gauges":{"FlyInAir.CumulativeReward":{"count":10890,"max":22.196888,"min":0,"runningAverage":5.01737976,"value":11.3910036,"weightedAverage":12.1971931}},"metadata":{"timer_format_version":"0.1.0","start_time_seconds":"1673278775","unity_version":"2021.3.10f1","command_line_arguments":"C:\\Program Files\\Unity\\Hub\\Editor\\2021.3.10f1\\Editor\\Unity.exe -projectpath C:\\Users\\markk\\Documents\\Programming3DAssessment\\programming43d\\src\\Midnight Farm -useHub -hubIPC -cloudEnvironment production","communication_protocol_version":"1.5.0","com.unity.ml-agents_version":"2.3.0-exp.3","scene_name":"MLAgentTestScene","end_time_seconds":"1673284201"}}