{"count":1,"self":156.28732159999998,"total":157.3142829,"children":{"InitializeActuators":{"count":1,"self":0.0020001,"total":0.0020001,"children":null},"InitializeSensors":{"count":1,"self":0.0010007,"total":0.0010007,"children":null},"AgentSendState":{"count":7515,"self":0.022541699999999998,"total":0.058593299999999994,"children":{"CollectObservations":{"count":1503,"self":0.013002999999999999,"total":0.013002999999999999,"children":null},"WriteActionMask":{"count":1503,"self":0.0030007999999999996,"total":0.0030007999999999996,"children":null},"RequestDecision":{"count":1503,"self":0.020047799999999998,"total":0.020047799999999998,"children":null}}},"DecideAction":{"count":7515,"self":0.9363745,"total":0.9363745,"children":null},"AgentAct":{"count":7515,"self":0.0289951,"total":0.0289951,"children":null}},"gauges":{"FlyInAir.CumulativeReward":{"count":2,"max":0.199130863,"min":0.084149316,"runningAverage":0.1416401,"value":0.084149316,"weightedAverage":0.17038548}},"metadata":{"timer_format_version":"0.1.0","start_time_seconds":"1673313732","unity_version":"2021.3.10f1","command_line_arguments":"C:\\Program Files\\Unity\\Hub\\Editor\\2021.3.10f1\\Editor\\Unity.exe -projectpath C:\\Users\\markk\\Documents\\Programming3DAssessment\\programming43d\\src\\Midnight Farm -useHub -hubIPC -cloudEnvironment production","communication_protocol_version":"1.5.0","com.unity.ml-agents_version":"2.3.0-exp.3","scene_name":"SingleMLAgent","end_time_seconds":"1673313889"}}